,Material,Type,Coat,Diameter (nm),Concentration (ug/ml),Surface_Charge,Cell_Type,Cell Line_Primary Cell,Human_Animal,Cell_Age,Time (hr),Cell_Viability (%)
0,CuO,I,None,1.251764630741022,2.073674946785499,unknown,SH­SY5Y,L,H,A,48,1.3125420943931168
1,CuO,I,None,1.251764630741022,2.073674946785499,unknown,H4,L,H,A,48,1.412344103541861
2,Iron oxide,I,dimercaptosuccinic,0.7608367460774452,3.176114450966894,unknown,PC12,L,A,A,48,1.4431723270012284
3,Iron oxide,I,dimercaptosuccinic,0.7608367460774452,3.176114450966894,unknown,PC12,L,A,A,48,1.5170161182626878
4,Iron oxide,I,dimercaptosuccinic,0.7608367460774452,3.176114450966894,unknown,PC12,L,A,A,48,1.5046759719052887
11,Iron oxide,I,None,0.956545404708534,0.4680642498646843,unknown,SH­SY5Y,L,H,A,48,1.4434685852977749
12,Iron oxide,I,None,0.956545404708534,2.77064934285873,unknown,SH­SY5Y,L,H,A,48,1.4721235667093726
13,Iron oxide,I,None,0.956545404708534,0.4680642498646843,unknown,H4,L,H,A,48,1.4899776938897082
14,Iron oxide,I,None,0.956545404708534,2.77064934285873,unknown,H4,L,H,A,48,1.4961230720145573
15,Iron oxide,I,None,0.956545404708534,0.4680642498646843,unknown,SH­SY5Y,L,H,A,48,1.5262677352308769
16,Iron oxide,I,None,0.956545404708534,2.77064934285873,unknown,SH­SY5Y,L,H,A,48,1.5228027411276326
17,Iron oxide,I,None,0.956545404708534,0.4680642498646843,unknown,H4,L,H,A,48,1.5242374716370541
18,Iron oxide,I,None,0.956545404708534,2.77064934285873,unknown,H4,L,H,A,48,1.526757296153917
19,Au,I,PVP,1.1164525937243184,2.2872683888821523,unknown,A549,L,H,A,24,1.523671027083387
20,Au,I,PVP,1.1164525937243184,2.2872683888821523,unknown,A549,L,H,A,48,1.524260591871508
21,Au,I,PVP,1.1164525937243184,2.9804155694420977,unknown,A549,L,H,A,24,1.5194887707592573
22,Au,I,PVP,1.1164525937243184,2.9804155694420977,unknown,A549,L,H,A,72,1.5218905722241778
23,Au,I,PVP,1.1164525937243184,4.079027858110208,unknown,A549,L,H,A,24,1.5194887707592573
24,Au,I,PVP,1.1164525937243184,4.079027858110208,unknown,A549,L,H,A,48,1.5114536970938819
25,Au,I,PVP,1.1164525937243184,4.079027858110208,unknown,A549,L,H,A,72,1.5200922482309067
26,Au,I,PVP,1.1164525937243184,4.926325718497411,unknown,A549,L,H,A,24,1.5254339390601337
27,Au,I,PVP,1.1164525937243184,4.926325718497411,unknown,A549,L,H,A,48,1.514586663398259
28,Au,I,PVP,1.1164525937243184,4.926325718497411,unknown,A549,L,H,A,72,1.5152067729476204
29,Au,I,PVP,1.1164525937243184,2.2872683888821523,unknown,NCIH441,L,H,A,24,1.526501259859112
30,Au,I,PVP,1.1164525937243184,2.2872683888821523,unknown,NCIH441,L,H,A,48,1.526501259859112
31,Au,I,PVP,1.1164525937243184,2.2872683888821523,unknown,NCIH441,L,H,A,72,1.5259177624769227
32,Au,I,PVP,1.1164525937243184,2.9804155694420977,unknown,NCIH441,L,H,A,24,1.5169288220336952
33,Au,I,PVP,1.1164525937243184,2.9804155694420977,unknown,NCIH441,L,H,A,48,1.5247449696507982
34,Au,I,PVP,1.1164525937243184,4.079027858110208,unknown,NCIH441,L,H,A,24,1.5253323173292326
35,Au,I,PVP,1.1164525937243184,4.079027858110208,unknown,NCIH441,L,H,A,48,1.5259177624769227
36,Au,I,PVP,1.1164525937243184,4.589853481876198,unknown,NCIH441,L,H,A,24,1.5247449696507982
37,Au,I,PVP,1.1164525937243184,4.926325718497411,unknown,NCIH441,L,H,A,24,1.5223761093908614
38,Au,I,Citrate and PVP,1.1945626948287231,2.2872683888821523,unknown,A549,L,H,A,24,1.5181536959802606
39,Au,I,Citrate and PVP,1.1945626948287231,2.2872683888821523,unknown,A549,L,H,A,48,1.517542307640952
40,Au,I,Citrate and PVP,1.1945626948287231,2.2872683888821523,unknown,A549,L,H,A,72,1.5169288220336952
41,Au,I,Citrate and PVP,1.1945626948287231,2.9804155694420977,unknown,A549,L,H,A,24,1.5217789501035046
42,Au,I,Citrate and PVP,1.1945626948287231,2.9804155694420977,unknown,A549,L,H,A,48,1.5247449696507982
43,Au,I,Citrate and PVP,1.1945626948287231,2.9804155694420977,unknown,A549,L,H,A,72,1.5081135333340945
44,Au,I,Citrate and PVP,1.1945626948287231,4.079027858110208,unknown,A549,L,H,A,24,1.5223761093908614
45,Au,I,Citrate and PVP,1.1945626948287231,4.079027858110208,unknown,A549,L,H,A,48,1.5235644539656785
46,Au,I,Citrate and PVP,1.1945626948287231,4.079027858110208,unknown,A549,L,H,A,72,1.5138296860002933
47,Au,I,Citrate and PVP,1.1945626948287231,4.589853481876198,unknown,A549,L,H,A,24,1.5144538131297123
48,Au,I,Citrate and PVP,1.1945626948287231,4.589853481876198,unknown,A549,L,H,A,48,1.5008731252337861
49,Au,I,Citrate and PVP,1.1945626948287231,4.589853481876198,unknown,A549,L,H,A,72,1.482525478391529
50,Au,I,Citrate and PVP,1.1945626948287231,4.926325718497411,unknown,A549,L,H,A,24,1.4926321121433344
51,Au,I,Citrate and PVP,1.1945626948287231,4.926325718497411,unknown,A549,L,H,A,48,1.4764920305612863
52,Au,I,Citrate and PVP,1.1945626948287231,4.926325718497411,unknown,A549,L,H,A,72,1.4227538041361312
53,Au,I,Citrate and PVP,1.1945626948287231,2.2872683888821523,unknown,NCIH441,L,H,A,24,1.5259177624769227
54,Au,I,Citrate and PVP,1.1945626948287231,4.589853481876198,unknown,NCIH441,L,H,A,72,1.527082882201911
55,Au,I,Citrate and PVP,1.1945626948287231,4.926325718497411,unknown,NCIH441,L,H,A,24,1.5235644539656785
56,Au,I,Citrate and PVP,1.1945626948287231,4.926325718497411,unknown,NCIH441,L,H,A,48,1.5100390631747167
57,Au,I,Citrate and PVP,1.1945626948287231,4.926325718497411,unknown,NCIH441,L,H,A,72,1.5042000202130854
58,Au,I,Citrate and PVP,1.2055553034545792,2.2872683888821523,unknown,A549,L,H,A,24,1.5235644539656785
59,Au,I,Citrate and PVP,1.2055553034545792,2.2872683888821523,unknown,A549,L,H,A,72,1.5187630025436258
60,Au,I,Citrate and PVP,1.2055553034545792,2.9804155694420977,unknown,A549,L,H,A,24,1.5217789501035046
61,Au,I,Citrate and PVP,1.2055553034545792,2.9804155694420977,unknown,A549,L,H,A,72,1.5144538131297123
62,Au,I,Citrate and PVP,1.2055553034545792,4.079027858110208,unknown,A549,L,H,A,24,1.517542307640952
63,Au,I,Citrate and PVP,1.2055553034545792,4.079027858110208,unknown,A549,L,H,A,48,1.5241556990678988
64,Au,I,Citrate and PVP,1.2055553034545792,4.079027858110208,unknown,A549,L,H,A,72,1.5156955518412327
65,Au,I,Citrate and PVP,1.2055553034545792,4.589853481876198,unknown,A549,L,H,A,24,1.526501259859112
66,Au,I,Citrate and PVP,1.2055553034545792,4.589853481876198,unknown,A549,L,H,A,48,1.5119443167666184
67,Au,I,Citrate and PVP,1.2055553034545792,4.589853481876198,unknown,A549,L,H,A,72,1.503539466375376
68,Au,I,Citrate and PVP,1.2055553034545792,4.926325718497411,unknown,A549,L,H,A,24,1.502876542302017
69,Au,I,Citrate and PVP,1.2055553034545792,4.926325718497411,unknown,A549,L,H,A,48,1.4898006572497307
70,Au,I,Citrate and PVP,1.2055553034545792,4.926325718497411,unknown,A549,L,H,A,72,1.4501995366852527
71,Au,I,Citrate and PVP,1.2055553034545792,2.2872683888821523,unknown,NCIH441,L,H,A,24,1.5247449696507982
72,Au,I,Citrate and PVP,1.2055553034545792,2.9804155694420977,unknown,NCIH441,L,H,A,24,1.527082882201911
73,Au,I,Citrate and PVP,1.2055553034545792,2.9804155694420977,unknown,NCIH441,L,H,A,72,1.527082882201911
74,Au,I,Citrate and PVP,1.2055553034545792,4.926325718497411,unknown,NCIH441,L,H,A,48,1.5181536959802606
75,Au,I,Citrate and PVP,1.2055553034545792,4.926325718497411,unknown,NCIH441,L,H,A,72,1.5217789501035046
76,Au,I,None,1.0971887003649488,0.677830476448052,unknown,HEK­293,L,H,E,48,1.5140669532544455
77,Au,I,None,1.0971887003649488,2.9804155694420977,unknown,HEK­293,L,H,E,48,1.4992852419493414
78,Au,I,None,1.0971887003649488,5.283000662436144,unknown,HEK­293,L,H,E,48,1.3242799336238225
79,Iron oxide,I,Dextran,1.0613851298016763,5.703782474656201,unknown,VERO,L,A,A,24,1.5271796258079011
80,Iron oxide,I,Dextran,1.0613851298016763,5.991464547107982,unknown,VERO,L,A,A,24,1.5271796258079011
81,Iron oxide,I,Dextran,1.0613851298016763,6.214608098422191,unknown,VERO,L,A,A,24,1.4775113193551406
82,Iron oxide,I,PEG,1.0613851298016763,4.605170185988092,unknown,MDCK,L,A,A,24,1.4775113193551406
83,Iron oxide,I,PEG,1.0613851298016763,5.298317366548036,unknown,MDCK,L,A,A,24,1.462911420309622
84,Iron oxide,I,PEG,1.0613851298016763,5.703782474656201,unknown,MDCK,L,A,A,24,1.3640546328884455
85,Iron oxide,I,PEG,1.0613851298016763,5.991464547107982,unknown,MDCK,L,A,A,24,1.2913203187398075
87,Iron oxide,I,PEG,1.0613851298016763,4.605170185988092,unknown,MDCK,L,A,A,24,1.5040005277496349
88,Iron oxide,I,PEG,1.0613851298016763,5.298317366548036,unknown,MDCK,L,A,A,24,1.4782088855641313
98,Iron oxide,I,None,1.1285083975617491,2.302585092994046,unknown,A549,L,H,A,24,1.4885839460327333
99,Iron oxide,I,None,1.1285083975617491,3.2188758248682006,unknown,A549,L,H,A,24,1.453173761903945
100,Iron oxide,I,None,1.1285083975617491,3.912023005428146,unknown,A549,L,H,A,24,1.392612283633577
101,Iron oxide,I,None,1.1285083975617491,2.302585092994046,unknown,A549,L,H,A,24,1.4964725796851872
102,Iron oxide,I,None,1.1285083975617491,3.2188758248682006,unknown,A549,L,H,A,24,1.4746366515748413
103,Iron oxide,I,None,1.1285083975617491,3.912023005428146,unknown,A549,L,H,A,24,1.4289675858306226
104,Au,I,PEG,0.4226868283120583,3.9999051108297707,Negative,PC12,L,A,A,24,1.5204330653438336
105,Au,I,PEG,0.4226868283120583,3.9999051108297707,Negative,PC12,L,A,A,24,1.5174843460064302
106,Au,I,PEG,0.4226868283120583,3.9999051108297707,Negative,PC12,L,A,A,24,1.5141528662232646
107,Au,I,PEG,0.4226868283120583,3.9999051108297707,Negative,PC12,L,A,A,24,1.509034976120635
108,Au,I,PEG,0.4226868283120583,3.9999051108297707,Negative,PC12,L,A,A,24,1.5158263101595686
109,Au,I,PEG,0.4226868283120583,3.9999051108297707,Negative,PC12,L,A,A,24,1.490471124835158
110,Au,I,PEG,0.4226868283120583,3.9999051108297707,Negative,PC12,L,A,A,24,1.470675240829637
111,Au,I,PEG,0.4226868283120583,3.9999051108297707,Negative,HUVEC,P,H,E,24,1.5158263101595686
112,Au,I,PEG,0.4226868283120583,3.9999051108297707,Negative,HUVEC,P,H,E,24,1.520108062017404
113,Au,I,PEG,0.4226868283120583,3.9999051108297707,Negative,HUVEC,P,H,E,24,1.5151587963770097
114,Au,I,PEG,0.4226868283120583,3.9999051108297707,Negative,HUVEC,P,H,E,24,1.508688738644638
115,Au,I,PEG,0.4226868283120583,3.9999051108297707,Negative,HUVEC,P,H,E,24,1.4938857606591145
116,Au,I,PEG,0.4226868283120583,3.9999051108297707,Negative,HUVEC,P,H,E,24,1.453267918827898
117,Au,I,PEG,0.4226868283120583,3.9999051108297707,Negative,HUVEC,P,H,E,24,1.3822932016243188
118,Au,I,PEG,0.4226868283120583,3.9999051108297707,Negative,C17.2,L,A,A,24,1.5076460381639398
119,Au,I,PEG,0.4226868283120583,3.9999051108297707,Negative,C17.2,L,A,A,24,1.5128004852205994
120,Au,I,PEG,0.4226868283120583,3.9999051108297707,Negative,C17.2,L,A,A,24,1.517153958874845
121,Au,I,PEG,0.4226868283120583,3.9999051108297707,Negative,C17.2,L,A,A,24,1.509725471124097
122,Au,I,PEG,0.4226868283120583,3.9999051108297707,Negative,C17.2,L,A,A,24,1.500894442550366
123,Au,I,PEG,0.4226868283120583,3.9999051108297707,Negative,C17.2,L,A,A,24,1.4846325879361963
124,Au,I,PEG,0.4226868283120583,3.9999051108297707,Negative,C17.2,L,A,A,24,1.4518604417109922
125,Iron oxide,I,PEG,1.068960543625313,0.0,unknown,SKOV-3,L,H,A,24,1.5033498313766733
126,Iron oxide,I,PEG,1.068960543625313,1.6094379124341003,unknown,SKOV-3,L,H,A,24,1.5120342605736516
127,Iron oxide,I,PEG,1.068960543625313,2.302585092994046,unknown,SKOV-3,L,H,A,24,1.5077428369183206
128,Iron oxide,I,PEG,1.068960543625313,3.912023005428146,unknown,SKOV-3,L,H,A,24,1.4801004244544498
129,Iron oxide,I,PEG,1.068960543625313,4.605170185988092,unknown,SKOV-3,L,H,A,24,1.460774233763644
130,Iron oxide,I,PEG-FA,1.2691483887884287,0.0,Negative,SKOV-3,L,H,A,24,1.4968787851670171
131,Iron oxide,I,PEG-FA,1.2691483887884287,1.6094379124341003,Negative,SKOV-3,L,H,A,24,1.4951111479441697
132,Iron oxide,I,PEG-FA,1.2691483887884287,2.302585092994046,Negative,SKOV-3,L,H,A,24,1.5063049119929275
133,Iron oxide,I,PEG-FA,1.2691483887884287,3.912023005428146,Negative,SKOV-3,L,H,A,24,1.4990639376398984
134,Iron oxide,I,PEG-FA,1.2691483887884287,4.605170185988092,Negative,SKOV-3,L,H,A,24,1.4928753725226958
135,Iron oxide,I,Silica-FA,1.2691483887884287,0.0,Negative,SKOV-3,L,H,A,24,1.4950644681643779
136,Iron oxide,I,Silica-FA,1.2691483887884287,1.6094379124341003,Negative,SKOV-3,L,H,A,24,1.4870866982644
137,Iron oxide,I,Silica-FA,1.2691483887884287,2.302585092994046,Negative,SKOV-3,L,H,A,24,1.5080377542555348
138,Iron oxide,I,Silica-FA,1.2691483887884287,3.912023005428146,Negative,SKOV-3,L,H,A,24,1.4933210481218402
139,Iron oxide,I,Silica-FA,1.2691483887884287,4.605170185988092,Negative,SKOV-3,L,H,A,24,1.4888899878559103
140,Iron oxide,I,PEG,1.068960543625313,0.0,unknown,SKOV-3,L,H,A,48,1.520318027316551
141,Iron oxide,I,PEG,1.068960543625313,1.6094379124341003,unknown,SKOV-3,L,H,A,48,1.514330242808274
142,Iron oxide,I,PEG,1.068960543625313,2.302585092994046,unknown,SKOV-3,L,H,A,48,1.5037533889054593
143,Iron oxide,I,PEG,1.068960543625313,3.912023005428146,unknown,SKOV-3,L,H,A,48,1.496341269934319
144,Iron oxide,I,PEG,1.068960543625313,4.605170185988092,unknown,SKOV-3,L,H,A,48,1.4846325879361963
145,Iron oxide,I,PEG-FA,1.2691483887884287,0.0,Negative,SKOV-3,L,H,A,48,1.5253110995435817
146,Iron oxide,I,PEG-FA,1.2691483887884287,1.6094379124341003,Negative,SKOV-3,L,H,A,48,1.5116534773029098
147,Iron oxide,I,PEG-FA,1.2691483887884287,2.302585092994046,Negative,SKOV-3,L,H,A,48,1.511245789282327
148,Iron oxide,I,PEG-FA,1.2691483887884287,3.912023005428146,Negative,SKOV-3,L,H,A,48,1.5012232448347953
149,Iron oxide,I,PEG-FA,1.2691483887884287,4.605170185988092,Negative,SKOV-3,L,H,A,48,1.4951111479441697
150,Iron oxide,I,Silica-FA,1.2691483887884287,0.0,Negative,SKOV-3,L,H,A,48,1.4985022781567903
151,Iron oxide,I,Silica-FA,1.2691483887884287,1.6094379124341003,Negative,SKOV-3,L,H,A,48,1.5006178902059737
152,Iron oxide,I,Silica-FA,1.2691483887884287,2.302585092994046,Negative,SKOV-3,L,H,A,48,1.5047768264646795
153,Iron oxide,I,Silica-FA,1.2691483887884287,3.912023005428146,Negative,SKOV-3,L,H,A,48,1.4933210481218402
154,Iron oxide,I,Silica-FA,1.2691483887884287,4.605170185988092,Negative,SKOV-3,L,H,A,48,1.4870866982644
155,Iron oxide,I,PEG-FA,1.2691483887884287,0.0,Negative,SKOV-3,L,H,A,24,1.486489812045502
156,Iron oxide,I,PEG-FA,1.2691483887884287,1.6094379124341003,Negative,SKOV-3,L,H,A,24,1.4847094317983849
157,Iron oxide,I,PEG-FA,1.2691483887884287,2.302585092994046,Negative,SKOV-3,L,H,A,24,1.480187608388696
158,Iron oxide,I,PEG-FA,1.2691483887884287,3.912023005428146,Negative,SKOV-3,L,H,A,24,1.480187608388696
159,Iron oxide,I,PEG-FA,1.2691483887884287,4.605170185988092,Negative,SKOV-3,L,H,A,24,1.4755498559237887
160,Iron oxide,I,Silica-FA,1.2691483887884287,0.0,Negative,SKOV-3,L,H,A,24,1.4847094317983849
161,Iron oxide,I,Silica-FA,1.2691483887884287,1.6094379124341003,Negative,SKOV-3,L,H,A,24,1.4683707017582497
162,Iron oxide,I,Silica-FA,1.2691483887884287,2.302585092994046,Negative,SKOV-3,L,H,A,24,1.4683707017582497
163,Iron oxide,I,Silica-FA,1.2691483887884287,3.912023005428146,Negative,SKOV-3,L,H,A,24,1.506986432567696
164,Iron oxide,I,Silica-FA,1.2691483887884287,4.605170185988092,Negative,SKOV-3,L,H,A,24,1.506986432567696
165,Au,I,None,1.2691483887884287,0.0,unknown,NIH3T3,L,A,E,72,1.3221625734588318
166,Au,I,None,1.2691483887884287,0.0,unknown,PK-15,L,A,A,72,1.3509543408510405
168,CuO,I,None,1.3917230663455145,1.6094379124341003,Negative,HaCat,L,H,A,24,1.5187315773423586
169,CuO,I,None,1.3917230663455145,2.302585092994046,Negative,HaCat,L,H,A,24,1.493906642575892
170,CuO,I,None,1.3917230663455145,2.995732273553991,Negative,HaCat,L,H,A,24,1.4465648595477707
171,CuO,I,None,1.3917230663455145,3.4011973816621555,Negative,HaCat,L,H,A,24,1.3625150954087801
172,CuO,I,None,1.3917230663455145,1.6094379124341003,Negative,HaCat,L,H,A,48,1.5112006975218284
173,CuO,I,None,1.3917230663455145,2.302585092994046,Negative,HaCat,L,H,A,48,1.4772258440378687
174,CuO,I,None,1.3917230663455145,2.995732273553991,Negative,HaCat,L,H,A,48,1.403109554142898
176,Au,I,None,1.224127540701542,0.0,unknown,NHDF,L,H,A,24,1.5241222232228893
177,Au,I,None,1.224127540701542,1.6094379124341003,unknown,NHDF,L,H,A,24,1.4830751216075155
178,Au,I,None,1.224127540701542,2.302585092994046,unknown,NHDF,L,H,A,24,1.4714784045800144
179,Au,I,None,1.224127540701542,2.70805020110221,unknown,NHDF,L,H,A,24,1.4419877769178442
181,Au,I,None,1.3640546328884455,0.0,unknown,NHDF,L,H,A,24,1.5246824203768765
182,Au,I,None,1.3640546328884455,1.6094379124341003,unknown,NHDF,L,H,A,24,1.489291900842996
183,Au,I,None,1.3640546328884455,2.302585092994046,unknown,NHDF,L,H,A,24,1.4788103864120221
184,Au,I,None,1.3640546328884455,2.70805020110221,unknown,NHDF,L,H,A,24,1.442424682871317
186,Au,I,None,1.5040351003996315,0.0,unknown,NHDF,L,H,A,24,1.5263721855271066
187,Au,I,None,1.5040351003996315,1.6094379124341003,unknown,NHDF,L,H,A,24,1.50612924934429
188,Au,I,None,1.5040351003996315,2.302585092994046,unknown,NHDF,L,H,A,24,1.4981098718758832
189,Au,I,None,1.5040351003996315,2.70805020110221,unknown,NHDF,L,H,A,24,1.4561701939807934
191,Au,I,None,1.224127540701542,0.0,unknown,NHDF,L,H,A,48,1.5198684467602999
192,Au,I,None,1.224127540701542,1.6094379124341003,unknown,NHDF,L,H,A,48,1.4791697880995422
193,Au,I,None,1.224127540701542,2.302585092994046,unknown,NHDF,L,H,A,48,1.4695979651484392
194,Au,I,None,1.224127540701542,2.70805020110221,unknown,NHDF,L,H,A,48,1.437566509570994
196,Au,I,None,1.3640546328884455,0.0,unknown,NHDF,L,H,A,48,1.5215816459227514
197,Au,I,None,1.3640546328884455,1.6094379124341003,unknown,NHDF,L,H,A,48,1.486209695471988
198,Au,I,None,1.3640546328884455,2.302585092994046,unknown,NHDF,L,H,A,48,1.4695979651484392
199,Au,I,None,1.3640546328884455,2.70805020110221,unknown,NHDF,L,H,A,48,1.4411109594223657
201,Au,I,None,1.5040351003996315,0.0,unknown,NHDF,L,H,A,48,1.5252913495990423
202,Au,I,None,1.5040351003996315,1.6094379124341003,unknown,NHDF,L,H,A,48,1.4936428336924215
203,Au,I,None,1.5040351003996315,2.302585092994046,unknown,NHDF,L,H,A,48,1.4816272284353187
204,Au,I,None,1.5040351003996315,2.70805020110221,unknown,NHDF,L,H,A,48,1.4505544310033873
206,Au,I,None,1.224127540701542,0.0,unknown,NHDF,L,H,A,72,1.5187156418500147
207,Au,I,None,1.224127540701542,1.6094379124341003,unknown,NHDF,L,H,A,72,1.4791697880995422
208,Au,I,None,1.224127540701542,2.302585092994046,unknown,NHDF,L,H,A,72,1.4599112665171416
209,Au,I,None,1.224127540701542,2.70805020110221,unknown,NHDF,L,H,A,72,1.4311991014781338
211,Au,I,None,1.3640546328884455,0.0,unknown,NHDF,L,H,A,72,1.5198684467602999
212,Au,I,None,1.3640546328884455,1.6094379124341003,unknown,NHDF,L,H,A,72,1.4844733096074831
213,Au,I,None,1.3640546328884455,2.302585092994046,unknown,NHDF,L,H,A,72,1.4688404610824255
214,Au,I,None,1.3640546328884455,2.70805020110221,unknown,NHDF,L,H,A,72,1.4330409862737925
216,Au,I,None,1.5040351003996315,0.0,unknown,NHDF,L,H,A,72,1.5222815621672425
217,Au,I,None,1.5040351003996315,1.6094379124341003,unknown,NHDF,L,H,A,72,1.4910393556713488
218,Au,I,None,1.5040351003996315,2.302585092994046,unknown,NHDF,L,H,A,72,1.4816272284353187
219,Au,I,None,1.5040351003996315,2.70805020110221,unknown,NHDF,L,H,A,72,1.4409551978777815
221,Au,I,Chitosan,0.7716454773187585,3.9999051108297707,Positive,AGS,L,H,A,24,1.4762806526450323
222,Au,I,Chitosan,0.7716454773187585,3.9999051108297707,Positive,AGS,L,H,A,24,1.4793421669507734
223,Au,I,Chitosan,0.7716454773187585,3.9999051108297707,Positive,AGS,L,H,A,24,1.484335890404038
224,Au,I,Chitosan,0.7716454773187585,3.9999051108297707,Positive,AGS,L,H,A,24,1.4833489726345528
225,Au,I,Chitosan,0.7716454773187585,3.9999051108297707,Positive,AGS,L,H,A,24,1.4497922795850413
226,Au,I,Chitosan,1.524994838195378,3.9999051108297707,Positive,AGS,L,H,A,24,1.500368633948265
227,Au,I,Chitosan,1.524994838195378,3.9999051108297707,Positive,AGS,L,H,A,24,1.501719089920306
228,Au,I,Chitosan,1.524994838195378,3.9999051108297707,Positive,AGS,L,H,A,24,1.4925285703800706
229,Au,I,Chitosan,1.524994838195378,3.9999051108297707,Positive,AGS,L,H,A,24,1.4731678997230608
230,Au,I,Chitosan,1.524994838195378,3.9999051108297707,Positive,AGS,L,H,A,24,1.357540693939927
236,Au,I,Chitosan,0.7716454773187585,3.9999051108297707,Positive,HeLa,L,H,A,24,1.5244686939058323
237,Au,I,Chitosan,0.7716454773187585,3.9999051108297707,Positive,HeLa,L,H,A,24,1.4930013200670214
238,Au,I,Chitosan,0.7716454773187585,3.9999051108297707,Positive,HeLa,L,H,A,24,1.4371113038625476
239,Au,I,Chitosan,1.524994838195378,3.9999051108297707,Positive,HeLa,L,H,A,24,1.490665158057228
240,Au,I,Chitosan,1.524994838195378,3.9999051108297707,Positive,HeLa,L,H,A,24,1.4873438484245236
241,Au,I,Chitosan,1.524994838195378,3.9999051108297707,Positive,HeLa,L,H,A,24,1.4676623415037153
242,Au,I,Chitosan,1.524994838195378,3.9999051108297707,Positive,HeLa,L,H,A,24,1.4131764869170655
249,Au,I,Chitosan,0.7716454773187585,3.9999051108297707,Positive,HepG2,L,H,A,24,1.4513791168822578
250,Au,I,Chitosan,0.7716454773187585,3.9999051108297707,Positive,HepG2,L,H,A,24,1.4251563592285814
251,Au,I,Chitosan,0.7716454773187585,3.9999051108297707,Positive,HepG2,L,H,A,24,1.3674665307681628
252,Au,I,Chitosan,0.7716454773187585,3.9999051108297707,Positive,HepG2,L,H,A,24,1.346095666449449
253,Au,I,Chitosan,0.7716454773187585,3.9999051108297707,Positive,HepG2,L,H,A,24,1.2833699022144647
254,Au,I,Chitosan,1.524994838195378,3.9999051108297707,Positive,HepG2,L,H,A,24,1.4117845255906118
255,Au,I,Chitosan,1.524994838195378,3.9999051108297707,Positive,HepG2,L,H,A,24,1.4087540308302602
264,Au,I,Chitosan,0.7716454773187585,3.9999051108297707,Positive,HT29,L,H,A,24,1.521373155707707
265,Au,I,Chitosan,0.7716454773187585,3.9999051108297707,Positive,HT29,L,H,A,24,1.5174935147685729
266,Au,I,Chitosan,0.7716454773187585,3.9999051108297707,Positive,HT29,L,H,A,24,1.5130802300069908
267,Au,I,Chitosan,0.7716454773187585,3.9999051108297707,Positive,HT29,L,H,A,24,1.510832422939118
268,Au,I,Chitosan,0.7716454773187585,3.9999051108297707,Positive,HT29,L,H,A,24,1.464789604268077
269,Au,I,Chitosan,1.524994838195378,3.9999051108297707,Positive,HT29,L,H,A,24,1.525589560693597
270,Au,I,Chitosan,1.524994838195378,3.9999051108297707,Positive,HT29,L,H,A,24,1.5183624218888725
271,Au,I,Chitosan,1.524994838195378,3.9999051108297707,Positive,HT29,L,H,A,24,1.5039165382223687
272,Au,I,Chitosan,1.524994838195378,3.9999051108297707,Positive,HT29,L,H,A,24,1.484607881333077
273,Au,I,Chitosan,1.524994838195378,3.9999051108297707,Positive,HT29,L,H,A,24,1.3582204555870205
279,Au,I,Chitosan,1.2691483887884287,3.9999051108297707,Positive,HepG2,L,H,A,24,1.5118569769102668
280,Au,I,Chitosan,1.2691483887884287,3.9999051108297707,Positive,HepG2,L,H,A,24,1.459876790867163
284,Au,I,None,1.1690321758870559,0.9162907318741551,unknown,A549,L,H,A,4,1.520053837518018
285,Au,I,None,1.1690321758870559,1.6094379124341003,unknown,A549,L,H,A,4,1.4446622894954095
290,Iron oxide,I,Silica,0.834032445247956,1.6094379124341003,Negative,SHSY5Y,L,H,A,3,1.5266402863556616
291,Iron oxide,I,Silica,0.834032445247956,3.2188758248682006,Negative,SHSY5Y,L,H,A,3,1.5255588854657118
292,Iron oxide,I,Silica,0.834032445247956,4.31748811353631,Negative,SHSY5Y,L,H,A,3,1.5217227435631029
293,Iron oxide,I,Silica,0.834032445247956,4.605170185988092,Negative,SHSY5Y,L,H,A,3,1.5233762509629574
294,Iron oxide,I,Silica,0.834032445247956,5.0106352940962555,Negative,SHSY5Y,L,H,A,3,1.525016818882074
295,Iron oxide,I,Silica,0.834032445247956,5.1647859739235145,Negative,SHSY5Y,L,H,A,3,1.5233762509629574
296,Iron oxide,I,Silica,0.834032445247956,5.298317366548036,Negative,SHSY5Y,L,H,A,3,1.5194925563095145
297,Iron oxide,I,Silica,0.834032445247956,5.703782474656201,Negative,SHSY5Y,L,H,A,3,1.521166668456488
298,Iron oxide,I,OleicAcid,0.8707755705025861,1.6094379124341003,Negative,SHSY5Y,L,H,A,3,1.5203699163432791
299,Iron oxide,I,OleicAcid,0.8707755705025861,2.302585092994046,Negative,SHSY5Y,L,H,A,3,1.5223105731122446
300,Iron oxide,I,OleicAcid,0.8707755705025861,3.912023005428146,Negative,SHSY5Y,L,H,A,3,1.5117055571627374
301,Iron oxide,I,OleicAcid,0.8707755705025861,4.31748811353631,Negative,SHSY5Y,L,H,A,3,1.5150867982675886
302,Iron oxide,I,OleicAcid,0.8707755705025861,4.605170185988092,Negative,SHSY5Y,L,H,A,3,1.5190636243609783
303,Iron oxide,I,OleicAcid,0.8707755705025861,5.0106352940962555,Negative,SHSY5Y,L,H,A,3,1.5075612968345
304,Iron oxide,I,OleicAcid,0.8707755705025861,5.1647859739235145,Negative,SHSY5Y,L,H,A,3,1.5117055571627374
305,Iron oxide,I,OleicAcid,0.8707755705025861,5.298317366548036,Negative,SHSY5Y,L,H,A,3,1.5150867982675886
306,Iron oxide,I,OleicAcid,0.8707755705025861,5.703782474656201,Negative,SHSY5Y,L,H,A,3,1.5190636243609783
307,Iron oxide,I,Silica,0.834032445247956,1.6094379124341003,Negative,SHSY5Y,L,H,A,6,1.5149450405136333
308,Iron oxide,I,Silica,0.834032445247956,3.912023005428146,Negative,SHSY5Y,L,H,A,6,1.5189295148730928
309,Iron oxide,I,Silica,0.834032445247956,4.31748811353631,Negative,SHSY5Y,L,H,A,6,1.5160944724939684
310,Iron oxide,I,Silica,0.834032445247956,5.0106352940962555,Negative,SHSY5Y,L,H,A,6,1.5194925563095145
311,Iron oxide,I,Silica,0.834032445247956,5.1647859739235145,Negative,SHSY5Y,L,H,A,6,1.517800398448896
312,Iron oxide,I,Silica,0.834032445247956,5.298317366548036,Negative,SHSY5Y,L,H,A,6,1.5183669839904868
313,Iron oxide,I,Silica,0.834032445247956,5.703782474656201,Negative,SHSY5Y,L,H,A,6,1.5183669839904868
314,Iron oxide,I,OleicAcid,0.8707755705025861,2.302585092994046,Negative,SHSY5Y,L,H,A,6,1.5203699163432791
315,Iron oxide,I,OleicAcid,0.8707755705025861,3.912023005428146,Negative,SHSY5Y,L,H,A,6,1.5190636243609783
316,Iron oxide,I,OleicAcid,0.8707755705025861,5.1647859739235145,Negative,SHSY5Y,L,H,A,6,1.5242326370685044
317,Iron oxide,I,Silica,0.834032445247956,1.6094379124341003,Negative,SHSY5Y,L,H,A,24,1.5194925563095145
318,Iron oxide,I,Silica,0.834032445247956,2.302585092994046,Negative,SHSY5Y,L,H,A,24,1.5018215964767678
319,Iron oxide,I,Silica,0.834032445247956,3.2188758248682006,Negative,SHSY5Y,L,H,A,24,1.5255588854657118
320,Iron oxide,I,Silica,0.834032445247956,3.912023005428146,Negative,SHSY5Y,L,H,A,24,1.511459229117789
321,Iron oxide,I,Silica,0.834032445247956,4.31748811353631,Negative,SHSY5Y,L,H,A,24,1.525016818882074
322,Iron oxide,I,Silica,0.834032445247956,5.703782474656201,Negative,SHSY5Y,L,H,A,24,1.5183669839904868
323,Iron oxide,I,OleicAcid,0.8707755705025861,1.6094379124341003,Negative,SHSY5Y,L,H,A,24,1.5184080376939826
324,Iron oxide,I,OleicAcid,0.8707755705025861,2.302585092994046,Negative,SHSY5Y,L,H,A,24,1.5004391652278932
325,Iron oxide,I,OleicAcid,0.8707755705025861,3.2188758248682006,Negative,SHSY5Y,L,H,A,24,1.5242326370685044
326,Iron oxide,I,OleicAcid,0.8707755705025861,3.912023005428146,Negative,SHSY5Y,L,H,A,24,1.5103346557188397
327,Iron oxide,I,OleicAcid,0.8707755705025861,4.31748811353631,Negative,SHSY5Y,L,H,A,24,1.5242326370685044
328,Iron oxide,I,OleicAcid,0.8707755705025861,5.703782474656201,Negative,SHSY5Y,L,H,A,24,1.5170873490999799
329,Iron oxide,I,Silica,0.834032445247956,2.302585092994046,Negative,SHSY5Y,L,H,A,3,1.526184493455318
330,Iron oxide,I,OleicAcid,0.8707755705025861,5.0106352940962555,Negative,SHSY5Y,L,H,A,3,1.4824178871593485
331,Iron oxide,I,Silica,0.834032445247956,1.6094379124341003,Negative,SHSY5Y,L,H,A,6,1.5126074673140089
332,Iron oxide,I,Silica,0.834032445247956,3.912023005428146,Negative,SHSY5Y,L,H,A,6,1.523438349459162
333,Iron oxide,I,Silica,0.834032445247956,4.605170185988092,Negative,SHSY5Y,L,H,A,6,1.5178187033041646
334,Iron oxide,I,Silica,0.834032445247956,5.298317366548036,Negative,SHSY5Y,L,H,A,6,1.5228853588156988
335,Iron oxide,I,Silica,0.834032445247956,5.703782474656201,Negative,SHSY5Y,L,H,A,6,1.5149427156867232
336,Iron oxide,I,OleicAcid,0.8707755705025861,1.6094379124341003,Negative,SHSY5Y,L,H,A,6,1.520275151146404
337,Iron oxide,I,OleicAcid,0.8707755705025861,3.912023005428146,Negative,SHSY5Y,L,H,A,6,1.526380910590476
338,Iron oxide,I,OleicAcid,0.8707755705025861,4.605170185988092,Negative,SHSY5Y,L,H,A,6,1.5152354079243335
339,Iron oxide,I,OleicAcid,0.8707755705025861,5.703782474656201,Negative,SHSY5Y,L,H,A,6,1.52274294828926
340,Iron oxide,I,Silica,0.834032445247956,5.1647859739235145,Negative,SHSY5Y,L,H,A,24,1.5228853588156988
341,Iron oxide,I,Silica,0.834032445247956,5.298317366548036,Negative,SHSY5Y,L,H,A,24,1.518389792761438
342,Iron oxide,I,Silica,0.834032445247956,5.703782474656201,Negative,SHSY5Y,L,H,A,24,1.4998286707419295
343,Iron oxide,I,OleicAcid,0.8707755705025861,1.6094379124341003,Negative,SHSY5Y,L,H,A,24,1.520275151146404
344,Iron oxide,I,OleicAcid,0.8707755705025861,5.298317366548036,Negative,SHSY5Y,L,H,A,24,1.5190272655809083
345,Iron oxide,I,OleicAcid,0.8707755705025861,5.703782474656201,Negative,SHSY5Y,L,H,A,24,1.5215121761265402
346,CuO,I,None,1.2036341000246709,1.6094379124341003,unknown,HepG2,L,H,A,48,1.3727903749608068
347,CuO,I,None,1.2036341000246709,2.302585092994046,unknown,HepG2,L,H,A,48,1.2976575094762086
350,CuO,I,None,1.2036341000246709,3.2188758248682006,unknown,Hepatocytes,P,A,A,48,1.5023806159447468
351,CuO,I,None,1.2036341000246709,3.912023005428146,unknown,Hepatocytes,P,A,A,48,1.5056746658163478
352,CuO,I,None,1.2036341000246709,4.605170185988092,unknown,Hepatocytes,P,A,A,48,1.4390551264602973
353,CuO,I,None,1.2036341000246709,5.298317366548036,unknown,Hepatocytes,P,A,A,48,1.3586251307487027
354,Iron oxide,I,Silica,1.55523479881416,0.0,Negative,HK-2,L,H,A,24,1.5271796258079011
355,Iron oxide,I,Silica,1.55523479881416,1.6094379124341003,Negative,HK-2,L,H,A,24,1.523460522272407
356,Iron oxide,I,Silica,1.55523479881416,3.2188758248682006,Negative,HK-2,L,H,A,24,1.469737797477306
357,Iron oxide,I,Silica,1.55523479881416,3.912023005428146,Negative,HK-2,L,H,A,24,1.43222011366363
358,Iron oxide,I,Silica,1.55523479881416,4.605170185988092,Negative,HK-2,L,H,A,24,1.386581938577176
359,Iron oxide,I,Silica,1.55523479881416,5.298317366548036,Negative,HK-2,L,H,A,24,1.342368014145001
360,Iron oxide,I,Silica,1.55523479881416,5.991464547107982,Negative,HK-2,L,H,A,24,1.3387224467624483
361,Iron oxide,I,Silica-NH2,1.55523479881416,1.6094379124341003,Negative,HK-2,L,H,A,24,1.5271796258079011
362,Iron oxide,I,Silica-NH2,1.55523479881416,3.2188758248682006,Negative,HK-2,L,H,A,24,1.507696863954757
363,Iron oxide,I,Silica-NH2,1.55523479881416,3.912023005428146,Negative,HK-2,L,H,A,24,1.4934362232768077
364,Iron oxide,I,Silica-NH2,1.55523479881416,4.605170185988092,Negative,HK-2,L,H,A,24,1.477972860513568
365,Iron oxide,I,Silica-NH2,1.55523479881416,5.298317366548036,Negative,HK-2,L,H,A,24,1.4460193487955615
366,Iron oxide,I,Silica-NH2,1.55523479881416,5.991464547107982,Negative,HK-2,L,H,A,24,1.3751321959345477
367,Iron oxide,I,Dextran,1.225592874123446,3.4011973816621555,unknown,HUVEC,P,H,E,24,1.5255610767281083
368,Iron oxide,I,Dextran,1.225592874123446,4.0943445622221,unknown,HUVEC,P,H,E,24,1.5189340625974674
369,Iron oxide,I,Dextran,1.225592874123446,4.787491742782046,unknown,HUVEC,P,H,E,24,1.5102941071656204
370,Iron oxide,I,Dextran,1.225592874123446,5.480638923341991,unknown,HUVEC,P,H,E,24,1.5172389079650357
371,Iron oxide,I,DMSA,1.3384968001851913,3.4011973816621555,unknown,HUVEC,P,H,E,24,1.5214494060625747
372,Iron oxide,I,DMSA,1.3384968001851913,4.0943445622221,unknown,HUVEC,P,H,E,24,1.3902605892014477
376,Au,I,MSA,0.36122375011753505,2.302585092994046,Negative,WA09,L,H,E,24,1.523165398923697
378,Au,I,MSA,0.36122375011753505,2.302585092994046,Negative,WA09,L,H,E,24,1.5052508302927952
379,Au,I,Citrate,0.9593769614912596,2.302585092994046,Negative,WA09,L,H,E,24,1.47488851892908
382,Au,I,None,0.5831980807826592,3.912023005428146,Negative,HeLa,L,H,A,24,1.518708811920561
383,Au,I,None,0.5831980807826592,4.605170185988092,Negative,HeLa,L,H,A,24,1.4653506339393316
384,Au,I,None,0.5831980807826592,5.298317366548036,Negative,HeLa,L,H,A,24,1.3486082425801613
385,Au,I,None,0.5831980807826592,5.991464547107982,Negative,HeLa,L,H,A,24,1.2858177604950642
386,Au,I,Citrate,0.9265295931017006,3.912023005428146,unknown,HeLa,L,H,A,24,1.5246339687293868
387,Au,I,Citrate,0.9265295931017006,4.605170185988092,unknown,HeLa,L,H,A,24,1.5031191790254175
388,Au,I,Citrate,0.9265295931017006,5.298317366548036,unknown,HeLa,L,H,A,24,1.4741609389591888
389,Au,I,Citrate,0.9265295931017006,5.991464547107982,unknown,HeLa,L,H,A,24,1.4710624898105982
390,Au,I,None,0.5831980807826592,3.912023005428146,Negative,HEK293,L,H,E,24,1.5143559012854801
391,Au,I,None,0.5831980807826592,4.605170185988092,Negative,HEK293,L,H,E,24,1.5125580026910235
392,Au,I,None,0.5831980807826592,5.298317366548036,Negative,HEK293,L,H,E,24,1.503832509883958
393,Au,I,None,0.5831980807826592,5.991464547107982,Negative,HEK293,L,H,E,24,1.481683019283998
394,Au,I,Citrate,0.9265295931017006,3.912023005428146,unknown,HEK293,L,H,E,24,1.4988887633097605
395,Au,I,Citrate,0.9265295931017006,4.605170185988092,unknown,HEK293,L,H,E,24,1.4719580621070216
396,Au,I,Citrate,0.9265295931017006,5.298317366548036,unknown,HEK293,L,H,E,24,1.4358601187435227
397,Au,I,Citrate,0.9265295931017006,5.991464547107982,unknown,HEK293,L,H,E,24,1.3544454910863486
398,Au,I,None,0.5831980807826592,3.912023005428146,Negative,H1299,L,H,A,24,1.501998971501507
399,Au,I,None,0.5831980807826592,4.605170185988092,Negative,H1299,L,H,A,24,1.4559142935792933
400,Au,I,None,0.5831980807826592,5.298317366548036,Negative,H1299,L,H,A,24,1.3971037861747357
401,Au,I,None,0.5831980807826592,5.991464547107982,Negative,H1299,L,H,A,24,1.3488011029564426
402,Au,I,Citrate,0.9265295931017006,3.912023005428146,unknown,H1299,L,H,A,24,1.5060486804458935
403,Au,I,Citrate,0.9265295931017006,4.605170185988092,unknown,H1299,L,H,A,24,1.48776264051897
404,Au,I,Citrate,0.9265295931017006,5.298317366548036,unknown,H1299,L,H,A,24,1.4647834968978146
405,Au,I,Citrate,0.9265295931017006,5.991464547107982,unknown,H1299,L,H,A,24,1.4526566892939825
406,Au,I,None,0.5831980807826592,3.912023005428146,Negative,MCF-7,L,H,A,24,1.4942586666442874
407,Au,I,None,0.5831980807826592,4.605170185988092,Negative,MCF-7,L,H,A,24,1.4454688904998376
408,Au,I,None,0.5831980807826592,5.298317366548036,Negative,MCF-7,L,H,A,24,1.3303326838378424
410,Au,I,Citrate,0.9265295931017006,3.912023005428146,unknown,MCF-7,L,H,A,24,1.5085225983390749
411,Au,I,Citrate,0.9265295931017006,4.605170185988092,unknown,MCF-7,L,H,A,24,1.4901037619257511
412,Au,I,Citrate,0.9265295931017006,5.298317366548036,unknown,MCF-7,L,H,A,24,1.4646154663130846
413,Au,I,Citrate,0.9265295931017006,5.991464547107982,unknown,MCF-7,L,H,A,24,1.4421805514239097
414,Au,I,None,0.5831980807826592,3.912023005428146,Negative,A549,L,H,A,24,1.472366123699655
415,Au,I,None,0.5831980807826592,4.605170185988092,Negative,A549,L,H,A,24,1.4424796553927972
416,Au,I,None,0.5831980807826592,5.298317366548036,Negative,A549,L,H,A,24,1.374705779436392
418,Au,I,Citrate,0.9265295931017006,3.912023005428146,unknown,A549,L,H,A,24,1.5006807798576576
419,Au,I,Citrate,0.9265295931017006,4.605170185988092,unknown,A549,L,H,A,24,1.4735966330146633
420,Au,I,Citrate,0.9265295931017006,5.298317366548036,unknown,A549,L,H,A,24,1.438684054055185
421,Au,I,Citrate,0.9265295931017006,5.991464547107982,unknown,A549,L,H,A,24,1.4128564501334022
422,Au,I,CYS,1.2691483887884287,3.2188758248682006,Negative,L929,L,A,A,24,1.5201487196417411
423,Au,I,CYS,1.2691483887884287,3.912023005428146,Negative,L929,L,A,A,24,1.5052066749384303
424,Au,I,CYS,1.2691483887884287,4.605170185988092,Negative,L929,L,A,A,24,1.4985989761511322
425,Au,I,CYS,1.2691483887884287,5.703782474656201,Negative,L929,L,A,A,24,1.4442372848380733
426,Au,I,GSH,1.2691483887884287,3.912023005428146,Negative,L929,L,A,A,24,1.5090589958265628
427,Au,I,GSH,1.2691483887884287,4.605170185988092,Negative,L929,L,A,A,24,1.5165282339197208
428,Au,I,GSH,1.2691483887884287,5.703782474656201,Negative,L929,L,A,A,24,1.5165282339197208
429,Au,I,None,1.0613851298016763,0.1823215567939546,unknown,hFOB1.19,L,H,Fetus,24,1.4754171993916525
430,Au,I,None,1.0613851298016763,0.9162907318741551,unknown,hFOB1.19,L,H,Fetus,24,1.4653719443799187
431,Au,I,None,1.0613851298016763,1.6094379124341003,unknown,hFOB1.19,L,H,Fetus,24,1.4547584377924883
432,Au,I,None,1.6809467148946111,0.1823215567939546,unknown,hFOB1.19,L,H,Fetus,24,1.4348582766669644
433,Au,I,None,1.6809467148946111,0.9162907318741551,unknown,hFOB1.19,L,H,Fetus,24,1.3327984032849935
434,Au,I,None,1.6809467148946111,1.6094379124341003,unknown,hFOB1.19,L,H,Fetus,24,1.3107294429180048
435,Au,I,None,0.610064240817791,0.1823215567939546,unknown,hFOB1.19,L,H,Fetus,24,1.5217182659798283
436,Au,I,None,0.610064240817791,0.9162907318741551,unknown,hFOB1.19,L,H,Fetus,24,1.521132979496681
437,Au,I,None,0.610064240817791,1.6094379124341003,unknown,hFOB1.19,L,H,Fetus,24,1.5196624838136639
438,Au,I,None,1.0613851298016763,0.9162907318741551,unknown,hFOB1.19,L,H,Fetus,24,1.5195197555210587
439,Au,I,None,1.0613851298016763,1.6094379124341003,unknown,hFOB1.19,L,H,Fetus,24,1.4557734005987768
440,Au,I,None,1.6809467148946111,0.1823215567939546,unknown,hFOB1.19,L,H,Fetus,24,1.4699725994399195
441,Au,I,None,1.6809467148946111,0.9162907318741551,unknown,hFOB1.19,L,H,Fetus,24,1.4678246605187968
442,Au,I,None,1.6809467148946111,1.6094379124341003,unknown,hFOB1.19,L,H,Fetus,24,1.3167160686538788
443,Au,I,None,0.610064240817791,0.1823215567939546,unknown,hFOB1.19,L,H,Fetus,24,1.5259244541969292
444,Au,I,None,0.610064240817791,1.6094379124341003,unknown,hFOB1.19,L,H,Fetus,24,1.5243451890075643
445,Au,I,None,1.0613851298016763,0.1823215567939546,unknown,MG-63,L,H,A,24,1.4995302490451636
446,Au,I,None,1.0613851298016763,0.9162907318741551,unknown,MG-63,L,H,A,24,1.4284065797156085
447,Au,I,None,1.0613851298016763,1.6094379124341003,unknown,MG-63,L,H,A,24,1.4334987196895521
448,Au,I,None,1.6809467148946111,0.1823215567939546,unknown,MG-63,L,H,A,24,1.4872437378489645
451,Au,I,None,0.610064240817791,0.1823215567939546,unknown,MG-63,L,H,A,24,1.5252408675987312
452,Au,I,None,0.610064240817791,0.9162907318741551,unknown,MG-63,L,H,A,24,1.5140314026872101
453,Au,I,None,0.610064240817791,1.6094379124341003,unknown,MG-63,L,H,A,24,1.5166825667997001
454,Au,I,None,1.0613851298016763,0.1823215567939546,unknown,MG-63,L,H,A,24,1.4804461066753394
455,Au,I,None,1.0613851298016763,0.9162907318741551,unknown,MG-63,L,H,A,24,1.4775826197075315
456,Au,I,None,1.0613851298016763,1.6094379124341003,unknown,MG-63,L,H,A,24,1.4602181351631562
457,Au,I,None,1.6809467148946111,0.1823215567939546,unknown,MG-63,L,H,A,24,1.4843083942945976
458,Au,I,None,1.6809467148946111,0.9162907318741551,unknown,MG-63,L,H,A,24,1.3269706307428968
460,Au,I,None,0.610064240817791,0.1823215567939546,unknown,MG-63,L,H,A,24,1.5260774643230706
461,Au,I,None,0.610064240817791,0.9162907318741551,unknown,MG-63,L,H,A,24,1.5244135683308542
462,Au,I,None,0.610064240817791,1.6094379124341003,unknown,MG-63,L,H,A,24,1.5271796258079011
463,Au,I,None,1.0613851298016763,0.1823215567939546,unknown,143B,L,H,A,24,1.4925285703800706
464,Au,I,None,1.0613851298016763,0.9162907318741551,unknown,143B,L,H,A,24,1.448970622373363
465,Au,I,None,1.0613851298016763,1.6094379124341003,unknown,143B,L,H,A,24,1.3839724861461808
469,Au,I,None,0.610064240817791,0.1823215567939546,unknown,143B,L,H,A,24,1.5036049442316457
470,Au,I,None,0.610064240817791,0.9162907318741551,unknown,143B,L,H,A,24,1.5011329460438392
471,Au,I,None,0.610064240817791,1.6094379124341003,unknown,143B,L,H,A,24,1.4941518270924605
472,Au,I,None,1.0613851298016763,0.1823215567939546,unknown,143B,L,H,A,24,1.5236045786298746
473,Au,I,None,1.0613851298016763,0.9162907318741551,unknown,143B,L,H,A,24,1.4967092140854954
474,Au,I,None,1.0613851298016763,1.6094379124341003,unknown,143B,L,H,A,24,1.475642082990012
475,Au,I,None,1.6809467148946111,0.1823215567939546,unknown,143B,L,H,A,24,1.4332249312178302
478,Au,I,Citrate,1.0652008217373996,3.9999051108297707,Negative,HepG2,L,H,A,24,1.4894417236384334
479,Au,I,Citrate,1.0652008217373996,3.9999051108297707,Negative,HepG2,L,H,A,24,1.4842341343553287
480,Au,I,Citrate,1.0652008217373996,3.9999051108297707,Negative,HepG2,L,H,A,24,1.468151876453435
481,Au,I,Citrate,1.0652008217373996,3.9999051108297707,Negative,HepG2,L,H,A,24,1.4686311598970592
482,Au,I,Citrate,1.0652008217373996,3.9999051108297707,Negative,HepG2,L,H,A,24,1.4627972660077178
483,Au,I,PAMAM,0.8707755705025861,3.9999051108297707,Positive,HepG2,L,H,A,24,1.4579423592626548
484,Au,I,PAMAM,0.8707755705025861,3.9999051108297707,Positive,HepG2,L,H,A,24,1.4485884036240175
485,Au,I,PAMAM,0.8707755705025861,3.9999051108297707,Positive,HepG2,L,H,A,24,1.447145691745043
486,Au,I,PAMAM,0.8707755705025861,3.9999051108297707,Positive,HepG2,L,H,A,24,1.4372313853587784
487,Au,I,PAMAM,0.8707755705025861,3.9999051108297707,Positive,HepG2,L,H,A,24,1.3762087556652085
488,Au,I,Citrate,1.0652008217373996,3.9999051108297707,Negative,PBMC,P,H,A,24,1.4883500450952318
489,Au,I,Citrate,1.0652008217373996,3.9999051108297707,Negative,PBMC,P,H,A,24,1.4504226754451393
490,Au,I,Citrate,1.0652008217373996,3.9999051108297707,Negative,PBMC,P,H,A,24,1.44898722316695
491,Au,I,Citrate,1.0652008217373996,3.9999051108297707,Negative,PBMC,P,H,A,24,1.4329327012532498
492,Au,I,Citrate,1.0652008217373996,3.9999051108297707,Negative,PBMC,P,H,A,24,1.4199488997442398
493,Au,I,PAMAM,0.8707755705025861,3.9999051108297707,Positive,PBMC,P,H,A,24,1.4628929135085869
494,Au,I,PAMAM,0.8707755705025861,3.9999051108297707,Positive,PBMC,P,H,A,24,1.4620117360958251
495,Au,I,PAMAM,0.8707755705025861,3.9999051108297707,Positive,PBMC,P,H,A,24,1.4534333917419169
496,Au,I,PAMAM,0.8707755705025861,3.9999051108297707,Positive,PBMC,P,H,A,24,1.4385438398908206
497,Au,I,PAMAM,0.8707755705025861,3.9999051108297707,Positive,PBMC,P,H,A,24,1.4288090452374869
498,CuO,I,None,1.2057677857656466,2.302585092994046,Positive,A549,L,H,A,24,1.5233629413384842
499,CuO,I,None,1.2057677857656466,2.995732273553991,Positive,A549,L,H,A,24,1.3380157606891148
501,CuO,I,None,1.2057677857656466,1.6094379124341003,Positive,A549,L,H,A,48,1.5271796258079011
502,CuO,I,None,1.2057677857656466,2.302585092994046,Positive,A549,L,H,A,48,1.4352724813608648
505,Iron oxide,I,Urea,1.611562712266506,5.298317366548036,unknown,L929,L,A,A,24,1.3907268846088432
506,Iron oxide,I,Urea,1.611562712266506,5.991464547107982,unknown,L929,L,A,A,24,1.4544715927349552
507,Iron oxide,I,Dextran,0.7005710654772761,2.302585092994046,Negative,Monocytes,P,H,A,24,1.5159789342503565
508,Iron oxide,I,Dextran,0.7005710654772761,2.995732273553991,Negative,Monocytes,P,H,A,24,1.511295614460169
509,Iron oxide,I,Dextran,0.7005710654772761,4.605170185988092,Negative,Monocytes,P,H,A,24,1.524994838195378
510,Au,I,Citrate,0.9419387347481111,0.2608246182818983,Negative,BALB/c3T3,L,A,E,24,1.5121736015523841
511,Au,I,Citrate,0.9419387347481111,1.026399954554185,Negative,BALB/c3T3,L,A,E,24,1.5177477616062873
512,Au,I,Citrate,0.9419387347481111,1.791759469228055,Negative,BALB/c3T3,L,A,E,24,1.4506466055382063
513,Au,I,Citrate,0.9419387347481111,0.2608246182818983,Negative,BALB/c3T3,L,A,E,48,1.5215794053818175
514,Au,I,Citrate,0.9419387347481111,1.026399954554185,Negative,BALB/c3T3,L,A,E,48,1.5177477616062873
515,Au,I,Citrate,0.9419387347481111,0.2608246182818983,Negative,NR8383,L,A,A,24,1.4833710843120496
516,Au,I,Citrate,0.9419387347481111,1.026399954554185,Negative,NR8383,L,A,A,24,1.4708763557626765
517,Au,I,Citrate,0.9419387347481111,1.791759469228055,Negative,NR8383,L,A,A,24,1.4601524196489832
518,CuO,I,None,1.3764974344812608,2.302585092994046,Negative,A549,L,H,A,24,1.4626737779454593
519,CuO,I,None,1.3764974344812608,3.2188758248682006,Negative,A549,L,H,A,24,1.4326183300679207
520,CuO,I,None,1.3764974344812608,3.912023005428146,Negative,A549,L,H,A,24,1.3535647976324747
521,CuO,I,None,1.3764974344812608,2.302585092994046,Negative,A549,L,H,A,24,1.4912513280732116
522,CuO,I,None,1.3764974344812608,3.2188758248682006,Negative,A549,L,H,A,24,1.4431723270012284
523,CuO,I,None,1.3764974344812608,3.912023005428146,Negative,A549,L,H,A,24,1.3425100134968837
524,CuO,I,None,1.2250078749816922,0.5766133643039938,Negative,hMSC,P,H,A,48,1.471819882354469
530,CuO,I,None,1.142786806294772,1.6094379124341003,Negative,A549,L,H,A,24,1.4817806128398219
531,CuO,I,None,1.142786806294772,2.302585092994046,Negative,A549,L,H,A,24,1.3947171584685074
533,CuO,I,None,1.3053227409632366,3.2188758248682006,unknown,Caco-2,L,H,A,48,1.4636962799006723
534,CuO,I,None,0.834032445247956,3.2188758248682006,unknown,Caco-2,L,H,A,24,1.4653171412137578
535,CuO,I,None,0.834032445247956,3.2188758248682006,unknown,Caco-2,L,H,A,48,1.4279365928668362
536,CuO,I,None,1.3053227409632366,1.6094379124341003,unknown,A549,L,H,A,24,1.5271796258079011
537,CuO,I,None,1.3053227409632366,3.2188758248682006,unknown,A549,L,H,A,24,1.515288784592517
538,CuO,I,None,1.3053227409632366,3.912023005428146,unknown,A549,L,H,A,24,1.4935460957679154
539,CuO,I,None,1.3053227409632366,4.605170185988092,unknown,A549,L,H,A,24,1.377691052039356
540,CuO,I,None,0.834032445247956,2.302585092994046,unknown,A549,L,H,A,24,1.5237927851903759
541,CuO,I,None,0.834032445247956,3.2188758248682006,unknown,A549,L,H,A,24,1.4906359332762347
542,CuO,I,None,0.834032445247956,3.912023005428146,unknown,A549,L,H,A,24,1.3938990382411731
544,Au,I,Citrate,0.9836310677952794,2.70805020110221,Negative,PBMC,P,H,A,24,1.4499971400776381
545,Au,I,CyA,0.6269016977393765,2.70805020110221,Positive,PBMC,P,H,A,24,1.4644166906513298
546,Au,I,GSH,0.28893209090233557,2.70805020110221,Negative,PBMC,P,H,A,24,1.4539871603486945
547,Au,I,Citrate,0.6657298105782764,2.70805020110221,Negative,PBMC,P,H,A,24,1.4860735630525423
548,Au,I,Citrate,0.9836310677952794,0.4054651081081644,Negative,PBMC,P,H,A,24,1.4966089390505768
549,Au,I,CyA,0.6269016977393765,0.4054651081081644,Positive,PBMC,P,H,A,24,1.5256946929313322
550,Au,I,Citrate,0.6657298105782764,0.4054651081081644,Negative,PBMC,P,H,A,24,1.49217320728104
551,Au,I,Citrate,0.9836310677952794,2.70805020110221,Negative,Jurkat,L,H,A,24,1.512027172566591
552,Au,I,CyA,0.6269016977393765,2.70805020110221,Positive,Jurkat,L,H,A,24,1.4871192001903624
553,Au,I,GSH,0.28893209090233557,2.70805020110221,Negative,Jurkat,L,H,A,24,1.3482551162218546
554,Au,I,Citrate,0.6657298105782764,2.70805020110221,Negative,Jurkat,L,H,A,24,1.394844411841353
555,Au,I,Citrate,0.9836310677952794,0.4054651081081644,Negative,Jurkat,L,H,A,24,1.525280376464299
556,Au,I,CyA,0.6269016977393765,0.4054651081081644,Positive,Jurkat,L,H,A,24,1.5142625802239487
557,Au,I,GSH,0.28893209090233557,0.4054651081081644,Negative,Jurkat,L,H,A,24,1.502525082775828
558,Au,I,Citrate,0.6657298105782764,0.4054651081081644,Negative,Jurkat,L,H,A,24,1.502525082775828
559,Au,I,None,0.47588499532711054,2.5257286443082556,Negative,HepG2,L,H,A,72,1.4816579154821663
560,Au,I,None,1.0971887003649488,0.5128236264286637,Negative,HepG2,L,H,A,72,1.5236200854763975
561,Au,I,None,1.0971887003649488,2.5257286443082556,Negative,HepG2,L,H,A,72,1.5236200854763975
562,Au,I,None,1.3640546328884455,1.8325814637483102,Negative,HepG2,L,H,A,72,1.5236200854763975
563,Au,I,None,1.3640546328884455,2.5257286443082556,Negative,HepG2,L,H,A,72,1.5190704408128817
564,Au,I,None,0.47588499532711054,0.5128236264286637,Negative,L-02,L,H,E,72,1.4574540495470492
569,Au,I,None,1.0971887003649488,0.5128236264286637,Negative,L-02,L,H,E,72,1.5106896634064466
570,Au,I,None,1.0971887003649488,0.9162907318741551,Negative,L-02,L,H,E,72,1.5102225287154005
571,Au,I,None,1.0971887003649488,1.6094379124341003,Negative,L-02,L,H,E,72,1.5116203277567786
572,Au,I,None,1.0971887003649488,1.8325814637483102,Negative,L-02,L,H,E,72,1.5078685980715918
573,Au,I,None,1.0971887003649488,2.5257286443082556,Negative,L-02,L,H,E,72,1.5152980658772388
574,Au,I,None,1.3640546328884455,0.5128236264286637,Negative,L-02,L,H,E,72,1.5254690205580754
575,Au,I,None,1.3640546328884455,0.9162907318741551,Negative,L-02,L,H,E,72,1.5184536419224697
576,Au,I,None,1.3640546328884455,1.6094379124341003,Negative,L-02,L,H,E,72,1.5175576830174489
577,Au,I,None,1.3640546328884455,1.8325814637483102,Negative,L-02,L,H,E,72,1.5193474242168084
578,Au,I,None,1.3640546328884455,2.5257286443082556,Negative,L-02,L,H,E,72,1.5116203277567786
579,Au,I,Citrate,0.47588499532711054,3.912023005428146,unknown,A549,L,H,A,24,1.5266533541499034
580,Au,I,Citrate,0.47588499532711054,3.912023005428146,unknown,A549,L,H,A,48,1.4938544333237789
581,Au,I,Citrate,0.47588499532711054,3.912023005428146,unknown,A549,L,H,A,72,1.4475375071843617
582,Au,I,Citrate,0.47588499532711054,3.912023005428146,unknown,95D,L,H,A,24,1.4196436503750585
583,Au,I,Citrate,0.47588499532711054,3.912023005428146,unknown,95D,L,H,A,48,1.422392869805005
584,Au,I,Citrate,0.47588499532711054,3.912023005428146,unknown,95D,L,H,A,72,1.4304142343277928
585,Au,I,Citrate,0.834032445247956,3.912023005428146,unknown,95D,L,H,A,72,1.526140815843576
586,Iron oxide,I,PEI,0.834032445247956,1.1394342831883648,Positive,RAW264.7,L,A,A,48,1.5234095206942229
587,Iron oxide,I,PEI,0.834032445247956,1.8325814637483102,Positive,RAW264.7,L,A,A,48,1.4849096245317508
592,Iron oxide,I,PEG,0.834032445247956,3.912023005428146,Neutral,RAW264.7,L,A,A,48,1.4867830703438305
593,Iron oxide,I,PEG,0.834032445247956,4.605170185988092,Neutral,RAW264.7,L,A,A,48,1.3956979700881007
594,Iron oxide,I,PEG,1.224127540701542,1.1394342831883648,Neutral,RAW264.7,L,A,A,48,1.5218793885356767
595,Iron oxide,I,PEG,1.224127540701542,1.8325814637483102,Neutral,RAW264.7,L,A,A,48,1.5207214637313444
596,Iron oxide,I,PEG,1.224127540701542,3.912023005428146,Neutral,RAW264.7,L,A,A,48,1.499393520250803
597,Iron oxide,I,PEG,1.224127540701542,4.605170185988092,Neutral,RAW264.7,L,A,A,48,1.457018580380875
598,Iron oxide,I,PEI,0.834032445247956,1.1394342831883648,Positive,SKOV-3,L,H,A,48,1.4494746398988803
604,Iron oxide,I,PEG,0.834032445247956,3.2188758248682006,Neutral,SKOV-3,L,H,A,48,1.5076194094426558
605,Iron oxide,I,PEG,0.834032445247956,3.912023005428146,Neutral,SKOV-3,L,H,A,48,1.4714872437737618
606,Iron oxide,I,PEG,0.834032445247956,4.605170185988092,Neutral,SKOV-3,L,H,A,48,1.3935637810459962
607,Iron oxide,I,PEG,1.224127540701542,1.1394342831883648,Neutral,SKOV-3,L,H,A,48,1.5235159422890125
608,Iron oxide,I,PEG,1.224127540701542,1.8325814637483102,Neutral,SKOV-3,L,H,A,48,1.5263721855271066
609,Iron oxide,I,PEG,1.224127540701542,2.5257286443082556,Neutral,SKOV-3,L,H,A,48,1.5271796258079011
610,Iron oxide,I,PEG,1.224127540701542,3.2188758248682006,Neutral,SKOV-3,L,H,A,48,1.5247462684006081
611,Iron oxide,I,PEG,1.224127540701542,3.912023005428146,Neutral,SKOV-3,L,H,A,48,1.484673758266352
612,Iron oxide,I,PEG,1.224127540701542,4.605170185988092,Neutral,SKOV-3,L,H,A,48,1.434793923498099
613,CuO,I,None,1.344206451368046,0.0,Positive,HCMEC,P,H,A,12,1.525016818882074
614,CuO,I,None,1.344206451368046,1.6094379124341003,Positive,HCMEC,P,H,A,12,1.4854351251572062
615,CuO,I,None,1.344206451368046,2.302585092994046,Positive,HCMEC,P,H,A,12,1.4228498526445126
616,CuO,I,None,1.344206451368046,2.995732273553991,Positive,HCMEC,P,H,A,12,1.3380041556258058
619,Iron oxide,I,None,1.3216235848184232,0.0,Negative,HCMEC,P,H,A,12,1.5206313890355383
620,Iron oxide,I,None,1.3216235848184232,1.6094379124341003,Negative,HCMEC,P,H,A,12,1.5250234125609698
621,Iron oxide,I,None,1.3216235848184232,2.302585092994046,Negative,HCMEC,P,H,A,12,1.5250234125609698
622,Iron oxide,I,None,1.3216235848184232,2.995732273553991,Negative,HCMEC,P,H,A,12,1.5198910656451126
623,Iron oxide,I,None,1.3216235848184232,3.912023005428146,Negative,HCMEC,P,H,A,12,1.52357134514706
624,Iron oxide,I,None,1.3216235848184232,4.605170185988092,Negative,HCMEC,P,H,A,12,1.5176447318887802
625,Iron oxide,I,None,1.3470032782508552,1.6094379124341003,Positive,HCMEC,P,H,A,12,1.5206313890355383
626,Iron oxide,I,None,1.3470032782508552,2.302585092994046,Positive,HCMEC,P,H,A,12,1.5271796258079011
627,Iron oxide,I,None,1.3470032782508552,2.995732273553991,Positive,HCMEC,P,H,A,12,1.5206313890355383
628,Iron oxide,I,None,1.3470032782508552,3.912023005428146,Positive,HCMEC,P,H,A,12,1.5250234125609698
629,Iron oxide,I,None,1.3470032782508552,4.605170185988092,Positive,HCMEC,P,H,A,12,1.5206313890355383
630,CuO,I,None,1.344206451368046,0.0,Positive,HCMEC,P,H,A,24,1.5184262807742674
631,CuO,I,None,1.344206451368046,1.6094379124341003,Positive,HCMEC,P,H,A,24,1.4619125386442442
632,CuO,I,None,1.344206451368046,2.302585092994046,Positive,HCMEC,P,H,A,24,1.3244348963828354
636,Iron oxide,I,None,1.3216235848184232,0.0,Negative,HCMEC,P,H,A,24,1.5131131126719233
637,Iron oxide,I,None,1.3216235848184232,1.6094379124341003,Negative,HCMEC,P,H,A,24,1.5003560362059267
638,Iron oxide,I,None,1.3216235848184232,2.302585092994046,Negative,HCMEC,P,H,A,24,1.5011781010318255
639,Iron oxide,I,None,1.3216235848184232,2.995732273553991,Negative,HCMEC,P,H,A,24,1.5092222453809363
640,Iron oxide,I,None,1.3216235848184232,3.912023005428146,Negative,HCMEC,P,H,A,24,1.5092222453809363
641,Iron oxide,I,None,1.3216235848184232,4.605170185988092,Negative,HCMEC,P,H,A,24,1.5028161588079478
642,Iron oxide,I,None,1.3470032782508552,0.0,Positive,HCMEC,P,H,A,24,1.5176767919056537
643,Iron oxide,I,None,1.3470032782508552,1.6094379124341003,Positive,HCMEC,P,H,A,24,1.506847901831507
644,Iron oxide,I,None,1.3470032782508552,2.302585092994046,Positive,HCMEC,P,H,A,24,1.510789606912354
645,Iron oxide,I,None,1.3470032782508552,2.995732273553991,Positive,HCMEC,P,H,A,24,1.501998971501507
646,Iron oxide,I,None,1.3470032782508552,3.912023005428146,Positive,HCMEC,P,H,A,24,1.501998971501507
647,Iron oxide,I,None,1.3470032782508552,4.605170185988092,Positive,HCMEC,P,H,A,24,1.510789606912354
648,Iron oxide,I,Tween80,1.2691483887884287,3.2188758248682006,unknown,J774A.1,L,A,A,3,1.5271796258079011
649,Iron oxide,I,Tween80,1.2691483887884287,4.605170185988092,unknown,J774A.1,L,A,A,3,1.5101461471393496
650,Iron oxide,I,Tween80,1.2691483887884287,5.298317366548036,unknown,J774A.1,L,A,A,3,1.5236998137512539
651,Iron oxide,I,Tween80,1.2691483887884287,5.703782474656201,unknown,J774A.1,L,A,A,3,1.502967731986503
652,Iron oxide,I,Tween80,1.2691483887884287,5.991464547107982,unknown,J774A.1,L,A,A,3,1.5122986806726664
653,Iron oxide,I,Tween80,1.2691483887884287,6.214608098422191,unknown,J774A.1,L,A,A,3,1.4607367955312367
654,Iron oxide,I,Tween80,1.2691483887884287,3.2188758248682006,unknown,J774A.1,L,A,A,6,1.5170505883187366
655,Iron oxide,I,Tween80,1.2691483887884287,4.605170185988092,unknown,J774A.1,L,A,A,6,1.5112268046489086
656,Iron oxide,I,Tween80,1.2691483887884287,5.298317366548036,unknown,J774A.1,L,A,A,6,1.4429462845859062
657,Iron oxide,I,Tween80,1.2691483887884287,5.703782474656201,unknown,J774A.1,L,A,A,6,1.3780491936726345
658,Iron oxide,I,Tween80,1.2691483887884287,5.991464547107982,unknown,J774A.1,L,A,A,6,1.4250435634184095
659,Iron oxide,I,Tween80,1.2691483887884287,6.214608098422191,unknown,J774A.1,L,A,A,6,1.4108928199401
660,Au,I,None,1.4154614742103653,0.6931471805599453,Negative,CCL-110,L,H,Fetus,24,1.4642850771755362
661,Au,I,None,1.4154614742103653,1.3862943611198906,Negative,CCL-110,L,H,Fetus,24,1.4760421646154682
662,Au,I,None,1.4154614742103653,2.995732273553991,Negative,CCL-110,L,H,Fetus,24,1.4547713195034533
667,Au,I,None,1.4154614742103653,0.6931471805599453,Negative,RFPEC,L,A,A,24,1.5142182357938097
668,Au,I,None,1.4154614742103653,1.3862943611198906,Negative,RFPEC,L,A,A,24,1.504781744767744
682,Au,I,CTAB,1.045531216040954,2.1972245773362196,unknown,MDCK-II,L,A,A,24,1.52118687879429
689,Au,I,CTAB,1.045531216040954,0.598836501088704,unknown,MDCK-II,L,A,A,24,1.5050250345251357
690,Au,I,CTAB,1.045531216040954,1.776645831418007,unknown,MDCK-II,L,A,A,24,1.5166986834965275
691,Au,I,CTAB,1.045531216040954,2.2460147415056513,unknown,MDCK-II,L,A,A,24,1.5187429589715213
692,Au,I,CTAB,1.045531216040954,2.6390573296152584,unknown,MDCK-II,L,A,A,24,1.4061240474113146
693,Au,I,CTAB,1.045531216040954,2.9444389791664403,unknown,MDCK-II,L,A,A,24,1.3815350226354384
694,Au,I,CTAB,1.045531216040954,3.4210000089583352,unknown,MDCK-II,L,A,A,24,1.3815350226354384
695,Au,I,Citrate,0.4999620030965649,2.302585092994046,Negative,HEBC3-KT,L,H,A,48,1.5271796258079011
696,Au,I,Citrate,0.4999620030965649,2.995732273553991,Negative,HEBC3-KT,L,H,A,48,1.5231587363907333
697,Au,I,Citrate,0.4999620030965649,3.912023005428146,Negative,HEBC3-KT,L,H,A,48,1.5200832111557483
698,Au,I,Citrate,1.3599230813773067,2.302585092994046,Negative,HEBC3-KT,L,H,A,48,1.5271796258079011
699,CuO,I,None,1.1404179466061803,0.6931471805599453,Negative,HepG2,L,H,A,24,1.4869756067648994
700,CuO,I,None,1.1404179466061803,1.6094379124341003,Negative,HepG2,L,H,A,24,1.4434938051944575
701,CuO,I,None,1.1404179466061803,2.302585092994046,Negative,HepG2,L,H,A,24,1.3711481360397677
704,CuO,I,None,1.1404179466061803,0.6931471805599453,Negative,HepG2,L,H,A,24,1.4814485846865084
705,CuO,I,None,1.1404179466061803,1.6094379124341003,Negative,HepG2,L,H,A,24,1.4333474636535548
706,CuO,I,None,1.1404179466061803,2.302585092994046,Negative,HepG2,L,H,A,24,1.3699151041104067
707,CuO,I,None,1.1404179466061803,3.2188758248682006,Negative,HepG2,L,H,A,24,1.30637061623095
709,Iron oxide,I,None,1.2071441643960934,0.0,Negative,mDF,P,A,A,6,1.5051723244629684
710,Iron oxide,I,None,1.2071441643960934,2.302585092994046,Negative,mDF,P,A,A,6,1.4922680380572328
711,Iron oxide,I,None,1.2071441643960934,3.912023005428146,Negative,mDF,P,A,A,6,1.4978520561138766
712,Iron oxide,I,None,1.2071441643960934,4.605170185988092,Negative,mDF,P,A,A,6,1.4775113193551406
713,Iron oxide,I,None,1.2071441643960934,0.0,Negative,mDF,P,A,A,24,1.5271796258079011
714,Iron oxide,I,None,1.2071441643960934,2.302585092994046,Negative,mDF,P,A,A,24,1.4998539382969776
715,Iron oxide,I,None,1.2071441643960934,3.912023005428146,Negative,mDF,P,A,A,24,1.4929750881239081
716,Iron oxide,I,None,1.2071441643960934,4.605170185988092,Negative,mDF,P,A,A,24,1.4668607108139677
717,Iron oxide,I,None,1.2071441643960934,0.0,Negative,mDF,P,A,A,48,1.466878830566691
718,Iron oxide,I,None,1.2071441643960934,2.302585092994046,Negative,mDF,P,A,A,48,1.489516589315581
719,Iron oxide,I,None,1.2071441643960934,3.912023005428146,Negative,mDF,P,A,A,48,1.4620024385559447
720,Iron oxide,I,None,1.2071441643960934,4.605170185988092,Negative,mDF,P,A,A,48,1.423275402015105
721,Iron oxide,I,None,1.2071441643960934,0.0,Negative,hPDLF,P,H,A,6,1.5271796258079011
722,Iron oxide,I,None,1.2071441643960934,2.302585092994046,Negative,hPDLF,P,H,A,6,1.5143582336932586
723,Iron oxide,I,None,1.2071441643960934,3.912023005428146,Negative,hPDLF,P,H,A,6,1.5176493122411883
724,Iron oxide,I,None,1.2071441643960934,4.605170185988092,Negative,hPDLF,P,H,A,6,1.4954660435737157
725,Iron oxide,I,None,1.2071441643960934,0.0,Negative,hPDLF,P,H,A,24,1.3894329241075134
726,Iron oxide,I,None,1.2071441643960934,2.302585092994046,Negative,hPDLF,P,H,A,24,1.378991637257197
727,Iron oxide,I,None,1.2071441643960934,3.912023005428146,Negative,hPDLF,P,H,A,24,1.3881577364226179
728,Iron oxide,I,None,1.2071441643960934,4.605170185988092,Negative,hPDLF,P,H,A,24,1.3721822364028895
729,Iron oxide,I,None,1.2071441643960934,0.0,Negative,hPDLF,P,H,A,48,1.374608740831443
730,Iron oxide,I,None,1.2071441643960934,2.302585092994046,Negative,hPDLF,P,H,A,48,1.358194150271673
731,Iron oxide,I,None,1.2071441643960934,3.912023005428146,Negative,hPDLF,P,H,A,48,1.3286826781612397
732,Iron oxide,I,None,1.2071441643960934,4.605170185988092,Negative,hPDLF,P,H,A,48,1.3041743211717018
733,Au,I,None,1.4289675858306226,0.6931471805599453,Negative,CCL-110,P,H,Fetus,24,1.4650611812844614
734,Au,I,None,1.4289675858306226,1.3862943611198906,Negative,CCL-110,P,H,Fetus,24,1.5018265953213494
735,Au,I,None,1.4289675858306226,2.995732273553991,Negative,CCL-110,P,H,Fetus,24,1.493880539808272
736,Au,I,None,1.4289675858306226,3.6888794541139363,Negative,CCL-110,P,H,Fetus,24,1.5062171019202262
737,Au,I,None,1.4289675858306226,5.298317366548036,Negative,CCL-110,P,H,Fetus,24,1.4867830703438305
738,Au,I,None,1.4289675858306226,5.991464547107982,Negative,CCL-110,P,H,Fetus,24,1.4762404471812838
745,Au,I,Citrate,1.4138747481965726,0.0,Negative,CCL-110,P,H,Fetus,24,1.5140547674140736
746,Au,I,Citrate,1.4138747481965726,2.302585092994046,Negative,CCL-110,P,H,Fetus,24,1.475371035816705
747,Au,I,Citrate,1.4138747481965726,2.70805020110221,Negative,CCL-110,P,H,Fetus,24,1.510203436344499
748,Au,I,Citrate,1.4138747481965726,2.995732273553991,Negative,CCL-110,P,H,Fetus,24,1.4471121658180968
749,Au,I,Citrate,1.4138747481965726,3.2188758248682006,Negative,CCL-110,P,H,Fetus,24,1.4203153390161518
752,Iron oxide,I,None,0.5831980807826592,0.6931471805599453,Negative,HeLa,L,H,A,24,1.4950255592581787
753,Iron oxide,I,None,0.5831980807826592,1.3862943611198906,Negative,HeLa,L,H,A,24,1.4901410640950516
754,Iron oxide,I,None,0.5831980807826592,0.6931471805599453,Negative,HeLa,L,H,A,48,1.4554110801565727
755,Iron oxide,I,None,0.5831980807826592,1.3862943611198906,Negative,HeLa,L,H,A,48,1.4299344435158192
756,Iron oxide,I,None,0.5831980807826592,0.6931471805599453,Negative,HeLa,L,H,A,72,1.3651610205885516
757,Iron oxide,I,None,0.5831980807826592,1.3862943611198906,Negative,HeLa,L,H,A,72,1.3199160656527942
758,Iron oxide,I,Chitosan,0.7320993680864453,0.6931471805599453,Positive,HeLa,L,H,A,24,1.4983673243507973
759,Iron oxide,I,Chitosan,0.7320993680864453,1.3862943611198906,Positive,HeLa,L,H,A,24,1.4950255592581787
760,Iron oxide,I,Chitosan,0.7320993680864453,0.6931471805599453,Positive,HeLa,L,H,A,48,1.4876492553413685
761,Iron oxide,I,Chitosan,0.7320993680864453,1.3862943611198906,Positive,HeLa,L,H,A,48,1.4741260829767633
762,Iron oxide,I,Chitosan,0.7320993680864453,0.6931471805599453,Positive,HeLa,L,H,A,72,1.4783935152312155
763,Iron oxide,I,Chitosan,0.7320993680864453,1.3862943611198906,Positive,HeLa,L,H,A,72,1.4499707188732305
764,Iron oxide,I,None,0.5831980807826592,0.6931471805599453,Negative,A549,L,H,A,24,1.5152400500015684
765,Iron oxide,I,None,0.5831980807826592,1.3862943611198906,Negative,A549,L,H,A,24,1.507161267667182
766,Iron oxide,I,None,0.5831980807826592,0.6931471805599453,Negative,A549,L,H,A,48,1.478722552662841
767,Iron oxide,I,None,0.5831980807826592,1.3862943611198906,Negative,A549,L,H,A,48,1.422994340019162
768,Iron oxide,I,None,0.5831980807826592,0.6931471805599453,Negative,A549,L,H,A,72,1.4528975149177128
769,Iron oxide,I,None,0.5831980807826592,1.3862943611198906,Negative,A549,L,H,A,72,1.3386067611863584
770,Iron oxide,I,Chitosan,0.7320993680864453,0.6931471805599453,Positive,A549,L,H,A,24,1.5172044739799035
771,Iron oxide,I,Chitosan,0.7320993680864453,1.3862943611198906,Positive,A549,L,H,A,24,1.5117505231464108
772,Iron oxide,I,Chitosan,0.7320993680864453,0.6931471805599453,Positive,A549,L,H,A,48,1.5050839648312109
773,Iron oxide,I,Chitosan,0.7320993680864453,1.3862943611198906,Positive,A549,L,H,A,48,1.4863973934029626
774,Iron oxide,I,Chitosan,0.7320993680864453,0.6931471805599453,Positive,A549,L,H,A,72,1.4992440141968026
775,Iron oxide,I,Chitosan,0.7320993680864453,1.3862943611198906,Positive,A549,L,H,A,72,1.46102363197448
776,Iron oxide,I,None,0.5831980807826592,0.6931471805599453,Negative,HEK293,L,H,E,24,1.5012357827957605
777,Iron oxide,I,None,0.5831980807826592,1.3862943611198906,Negative,HEK293,L,H,E,24,1.46102363197448
778,Iron oxide,I,None,0.5831980807826592,0.6931471805599453,Negative,HEK293,L,H,E,48,1.463284252501291
779,Iron oxide,I,None,0.5831980807826592,1.3862943611198906,Negative,HEK293,L,H,E,48,1.4368143095583943
780,Iron oxide,I,Chitosan,0.7320993680864453,0.6931471805599453,Positive,HEK293,L,H,E,24,1.5219554238557844
781,Iron oxide,I,Chitosan,0.7320993680864453,1.3862943611198906,Positive,HEK293,L,H,E,24,1.5182483316926259
782,Iron oxide,I,Chitosan,0.7320993680864453,0.6931471805599453,Positive,HEK293,L,H,E,48,1.5219554238557844
783,Iron oxide,I,Chitosan,0.7320993680864453,1.3862943611198906,Positive,HEK293,L,H,E,48,1.5161545230912925
784,CuO,I,None,1.224127540701542,1.6094379124341003,Negative,A549,L,H,A,24,1.5224711640909927
785,CuO,I,None,1.224127540701542,2.995732273553991,Negative,A549,L,H,A,24,1.489230331125991
786,CuO,I,None,1.224127540701542,3.4011973816621555,Negative,A549,L,H,A,24,1.3944668019612934
790,CuO,I,None,1.224127540701542,1.6094379124341003,Negative,A549,L,H,A,48,1.4310350909160707
795,Au,I,Citrate,0.4366811181152756,4.605170185988092,Negative,RAW264.7,L,A,A,48,1.3814881274853121
796,Au,I,unknown,1.7224847649939812,1.6094379124341003,Negative,RAW264.7,L,A,A,48,1.5116795191091805
797,Au,I,Citrate,1.7224847649939812,2.302585092994046,Negative,RAW264.7,L,A,A,48,1.515682818083122
798,Au,I,Citrate,1.7224847649939812,4.605170185988092,Negative,RAW264.7,L,A,A,48,1.515682818083122
799,Au,I,Citrate,1.7224847649939812,6.907755278982137,Negative,RAW264.7,L,A,A,48,1.5005549788551753
800,Au,I,Citrate,0.4366811181152756,2.302585092994046,Negative,RAW264.7,L,A,A,48,1.48574643489382
801,Au,I,Citrate,0.4366811181152756,4.605170185988092,Negative,RAW264.7,L,A,A,48,1.443025087303268
802,Au,I,Citrate,1.7224847649939812,1.6094379124341003,Negative,RAW264.7,L,A,A,48,1.513401753100204
803,Au,I,Citrate,1.7224847649939812,2.302585092994046,Negative,RAW264.7,L,A,A,48,1.4938935916566298
804,Au,I,Citrate,1.7224847649939812,4.605170185988092,Negative,RAW264.7,L,A,A,48,1.4764930229719484
805,Au,I,Citrate,1.7224847649939812,6.907755278982137,Negative,RAW264.7,L,A,A,48,1.3772748082347697
